<?xml version="1.0" encoding="UTF-8"?>
<TextureAtlas imagePath="sprites.png">
	<!--
	Created with ShoeBox
	http://renderhjs.net/shoebox/
	-->
	<SubTexture name="walk0001.png"	x="73"	y="0"	width="66"	height="92" frameX="-5" frameY="-4" frameWidth="75" frameHeight="96"/>
	<SubTexture name="walk0002.png"	x="283"	y="0"	width="66"	height="92" frameX="-5" frameY="-4" frameWidth="75" frameHeight="96"/>
	<SubTexture name="walk0003.png"	x="144"	y="94"	width="69"	height="93" frameX="-3" frameY="-2" frameWidth="75" frameHeight="96"/>
	<SubTexture name="walk0004.png"	x="72"	y="93"	width="71"	height="93" frameX="-2" frameY="-1" frameWidth="75" frameHeight="96"/>
	<SubTexture name="walk0005.png"	x="144"	y="0"	width="71"	height="93" frameX="-2" frameY="-0" frameWidth="75" frameHeight="96"/>
	<SubTexture name="walk0006.png"	x="0"	y="0"	width="72"	height="92" frameX="-2" frameY="-0" frameWidth="75" frameHeight="96"/>
	<SubTexture name="walk0007.png"	x="0"	y="93"	width="71"	height="93" frameX="-2" frameY="-0" frameWidth="75" frameHeight="96"/>
	<SubTexture name="walk0008.png"	x="214"	y="94"	width="68"	height="93" frameX="-4" frameY="-2" frameWidth="75" frameHeight="96"/>
	<SubTexture name="walk0009.png"	x="216"	y="0"	width="66"	height="93" frameX="-5" frameY="-3" frameWidth="75" frameHeight="96"/>
</TextureAtlas>